user_id,timestamp,message
U104,2025-07-23 09:07:00,Good work on the last project!
U115,2025-07-25 11:56:00,"I'm quitting soon, need client details"
U125,2025-07-23 10:01:00,"This security training is useless, ignoring it"
U113,2025-07-24 21:25:00,"Need VPN credentials urgently, don't tell anyone"
U107,2025-07-21 18:51:00,Let's plan for the client presentation
U108,2025-07-24 11:10:00,Can you give me the admin password?
U126,2025-07-21 08:23:00,Please send me the payroll data ASAP
U115,2025-07-23 13:55:00,Can you give me the admin password?
U110,2025-07-24 09:21:00,Downloading confidential docs before leaving
U110,2025-07-20 12:57:00,Downloading confidential docs before leaving
U130,2025-07-22 12:40:00,Can you give me the admin password?
U125,2025-07-22 17:58:00,Sending client list outside for personal work
U125,2025-07-22 17:00:00,Please send me the payroll data ASAP
U129,2025-07-23 18:23:00,Downloading confidential docs before leaving
U125,2025-07-24 09:25:00,"Need VPN credentials urgently, don't tell anyone"
U107,2025-07-24 21:46:00,Sending client list outside for personal work
U101,2025-07-20 20:02:00,Good work on the last project!
U105,2025-07-21 15:15:00,"I'm quitting soon, need client details"
U123,2025-07-25 21:43:00,"I'm quitting soon, need client details"
U122,2025-07-23 14:52:00,"I'm quitting soon, need client details"
U121,2025-07-21 17:25:00,Can you give me the admin password?
U119,2025-07-20 12:12:00,Downloading confidential docs before leaving
U120,2025-07-22 15:38:00,"This security training is useless, ignoring it"
U119,2025-07-21 21:45:00,Reminder: Team meeting at 3 PM
U120,2025-07-25 11:08:00,Can you give me the admin password?
U105,2025-07-25 22:30:00,"Need VPN credentials urgently, don't tell anyone"
U125,2025-07-24 08:03:00,Let's plan for the client presentation
U111,2025-07-23 08:02:00,Please send me the payroll data ASAP
U114,2025-07-24 13:18:00,Please send me the payroll data ASAP
U123,2025-07-23 22:56:00,"I'm quitting soon, need client details"
U105,2025-07-21 12:47:00,Sending client list outside for personal work
U115,2025-07-25 11:49:00,Can someone approve my leave?
U104,2025-07-24 20:15:00,"This security training is useless, ignoring it"
U112,2025-07-21 20:58:00,"This security training is useless, ignoring it"
U116,2025-07-22 14:46:00,Good work on the last project!
U110,2025-07-20 20:46:00,"This security training is useless, ignoring it"
U128,2025-07-21 22:26:00,See you at the monthly townhall
U110,2025-07-20 14:31:00,"This security training is useless, ignoring it"
U110,2025-07-24 14:57:00,Downloading confidential docs before leaving
U120,2025-07-24 10:15:00,"Need VPN credentials urgently, don't tell anyone"
U125,2025-07-24 20:21:00,"I'm quitting soon, need client details"
U104,2025-07-20 14:18:00,Sending client list outside for personal work
U124,2025-07-24 10:07:00,Reminder: Team meeting at 3 PM
U121,2025-07-21 08:54:00,Sending client list outside for personal work
U115,2025-07-21 22:25:00,Sending client list outside for personal work
U120,2025-07-22 08:02:00,Can you give me the admin password?
U118,2025-07-25 10:54:00,Can someone approve my leave?
U119,2025-07-20 19:16:00,Please send me the payroll data ASAP
U104,2025-07-20 16:00:00,"I'm quitting soon, need client details"
U117,2025-07-24 10:19:00,"This security training is useless, ignoring it"
U121,2025-07-24 17:32:00,Sending client list outside for personal work
U116,2025-07-22 15:55:00,"This security training is useless, ignoring it"
U105,2025-07-22 21:06:00,Sending client list outside for personal work
U117,2025-07-23 17:18:00,Let's plan for the client presentation
U111,2025-07-24 16:02:00,Can you give me the admin password?
U124,2025-07-25 14:22:00,Sending client list outside for personal work
U120,2025-07-25 08:50:00,"I'm quitting soon, need client details"
U109,2025-07-24 12:50:00,Reminder: Team meeting at 3 PM
U102,2025-07-24 18:30:00,Please send me the payroll data ASAP
U121,2025-07-24 12:09:00,"This security training is useless, ignoring it"
U110,2025-07-25 08:16:00,Sending client list outside for personal work
U105,2025-07-21 19:32:00,"Need VPN credentials urgently, don't tell anyone"
U114,2025-07-22 22:01:00,Downloading confidential docs before leaving
U115,2025-07-25 15:31:00,Please send me the payroll data ASAP
U108,2025-07-21 09:12:00,"I'm quitting soon, need client details"
U115,2025-07-25 16:01:00,Please send me the payroll data ASAP
U129,2025-07-20 08:39:00,Sending client list outside for personal work
U120,2025-07-23 11:24:00,Happy with the new company policies
U116,2025-07-20 15:53:00,"This security training is useless, ignoring it"
U115,2025-07-20 14:02:00,Can you give me the admin password?
U103,2025-07-24 15:18:00,"This security training is useless, ignoring it"
U112,2025-07-20 08:04:00,Downloading confidential docs before leaving
U110,2025-07-21 14:39:00,Can you give me the admin password?
U103,2025-07-22 20:46:00,"Need VPN credentials urgently, don't tell anyone"
U113,2025-07-22 15:46:00,"This security training is useless, ignoring it"
U120,2025-07-24 20:58:00,"This security training is useless, ignoring it"
U103,2025-07-22 19:13:00,"Need VPN credentials urgently, don't tell anyone"
U120,2025-07-22 10:22:00,"Need VPN credentials urgently, don't tell anyone"
U116,2025-07-21 17:15:00,"This security training is useless, ignoring it"
U122,2025-07-23 22:34:00,"I'm quitting soon, need client details"
U113,2025-07-21 14:23:00,Downloading confidential docs before leaving
U114,2025-07-24 12:51:00,Please send me the payroll data ASAP
U120,2025-07-22 14:35:00,"I'm quitting soon, need client details"
U115,2025-07-25 22:39:00,Sending client list outside for personal work
U120,2025-07-21 16:49:00,"This security training is useless, ignoring it"
U117,2025-07-25 10:43:00,Downloading confidential docs before leaving
U120,2025-07-23 12:41:00,"This security training is useless, ignoring it"
U128,2025-07-22 12:17:00,Downloading confidential docs before leaving
U102,2025-07-21 16:05:00,Can someone approve my leave?
U115,2025-07-23 17:45:00,Can you give me the admin password?
U111,2025-07-24 19:54:00,"This security training is useless, ignoring it"
U120,2025-07-20 12:32:00,"This security training is useless, ignoring it"
U124,2025-07-23 08:56:00,Sending client list outside for personal work
U128,2025-07-20 14:11:00,"Need VPN credentials urgently, don't tell anyone"
U120,2025-07-21 12:55:00,"Need VPN credentials urgently, don't tell anyone"
U109,2025-07-23 17:43:00,Happy with the new company policies
U115,2025-07-23 22:25:00,Sending client list outside for personal work
U125,2025-07-25 21:20:00,Downloading confidential docs before leaving
U122,2025-07-24 22:25:00,"Need VPN credentials urgently, don't tell anyone"
U127,2025-07-23 20:21:00,"This security training is useless, ignoring it"
U102,2025-07-22 11:21:00,Let's plan for the client presentation
U125,2025-07-23 21:39:00,Please send me the payroll data ASAP
U110,2025-07-24 17:58:00,Downloading confidential docs before leaving
U110,2025-07-22 10:52:00,Sending client list outside for personal work
U102,2025-07-24 22:03:00,Downloading confidential docs before leaving
U117,2025-07-21 09:31:00,Please send me the payroll data ASAP
U125,2025-07-25 21:58:00,Can you give me the admin password?
U117,2025-07-24 10:16:00,Sending client list outside for personal work
U114,2025-07-20 20:33:00,Let's plan for the client presentation
U109,2025-07-24 20:00:00,Downloading confidential docs before leaving
U103,2025-07-25 22:28:00,Can someone approve my leave?
U110,2025-07-21 13:25:00,"I'm quitting soon, need client details"
U105,2025-07-21 18:14:00,Can you give me the admin password?
U105,2025-07-22 20:38:00,Downloading confidential docs before leaving
U117,2025-07-20 15:20:00,"I'm quitting soon, need client details"
U124,2025-07-25 13:50:00,"This security training is useless, ignoring it"
U102,2025-07-22 14:08:00,"This security training is useless, ignoring it"
U115,2025-07-24 18:21:00,Can you give me the admin password?
U115,2025-07-25 08:43:00,Downloading confidential docs before leaving
U114,2025-07-24 22:40:00,"This security training is useless, ignoring it"
U126,2025-07-22 20:15:00,Sending client list outside for personal work
U126,2025-07-25 21:45:00,"This security training is useless, ignoring it"
U102,2025-07-22 18:55:00,"I'm quitting soon, need client details"
U120,2025-07-25 13:49:00,"Need VPN credentials urgently, don't tell anyone"
U120,2025-07-23 18:02:00,Sending client list outside for personal work
U125,2025-07-22 18:07:00,"This security training is useless, ignoring it"
U105,2025-07-20 11:26:00,"Need VPN credentials urgently, don't tell anyone"
U122,2025-07-21 20:38:00,Can you give me the admin password?
U125,2025-07-22 20:57:00,"I'm quitting soon, need client details"
U110,2025-07-20 13:43:00,"This security training is useless, ignoring it"
U117,2025-07-25 08:18:00,"This security training is useless, ignoring it"
U118,2025-07-24 17:54:00,See you at the monthly townhall
U105,2025-07-24 22:32:00,Sending client list outside for personal work
U128,2025-07-21 10:11:00,"This security training is useless, ignoring it"
U117,2025-07-24 16:54:00,Please send me the payroll data ASAP
U120,2025-07-22 14:01:00,"This security training is useless, ignoring it"
U101,2025-07-20 09:21:00,Please send me the payroll data ASAP
U126,2025-07-23 10:17:00,"This security training is useless, ignoring it"
U122,2025-07-24 12:13:00,"I'm quitting soon, need client details"
U107,2025-07-20 20:00:00,"I'm quitting soon, need client details"
U118,2025-07-25 21:13:00,Sending client list outside for personal work
U130,2025-07-23 22:19:00,Downloading confidential docs before leaving
U113,2025-07-25 11:12:00,Good work on the last project!
U120,2025-07-24 09:37:00,"Need VPN credentials urgently, don't tell anyone"
U120,2025-07-25 11:41:00,See you at the monthly townhall
U114,2025-07-25 13:42:00,"I'm quitting soon, need client details"
U120,2025-07-24 21:21:00,Downloading confidential docs before leaving
U110,2025-07-22 16:01:00,"Need VPN credentials urgently, don't tell anyone"
U115,2025-07-23 22:18:00,"I'm quitting soon, need client details"
U128,2025-07-24 22:37:00,Reminder: Team meeting at 3 PM
U106,2025-07-25 22:15:00,"Need VPN credentials urgently, don't tell anyone"
U125,2025-07-24 19:26:00,"This security training is useless, ignoring it"
U115,2025-07-23 11:24:00,"This security training is useless, ignoring it"
U106,2025-07-23 13:15:00,"I'm quitting soon, need client details"
U105,2025-07-23 19:18:00,"I'm quitting soon, need client details"
U111,2025-07-22 10:07:00,Can you give me the admin password?
U109,2025-07-22 17:45:00,Can you give me the admin password?
U110,2025-07-22 17:41:00,"Need VPN credentials urgently, don't tell anyone"
U124,2025-07-20 21:43:00,Sending client list outside for personal work
U119,2025-07-20 08:18:00,Can you give me the admin password?
U126,2025-07-21 12:52:00,Can you give me the admin password?
U115,2025-07-21 11:27:00,"This security training is useless, ignoring it"
U129,2025-07-20 20:47:00,"Need VPN credentials urgently, don't tell anyone"
U114,2025-07-22 08:26:00,Downloading confidential docs before leaving
U106,2025-07-24 15:47:00,Sending client list outside for personal work
U116,2025-07-22 13:42:00,"I'm quitting soon, need client details"
U105,2025-07-25 19:59:00,Reminder: Team meeting at 3 PM
U113,2025-07-24 17:10:00,Downloading confidential docs before leaving
U125,2025-07-23 10:50:00,Can you give me the admin password?
U103,2025-07-22 17:31:00,"I'm quitting soon, need client details"
U120,2025-07-25 12:44:00,Can you give me the admin password?
U121,2025-07-25 08:27:00,Reminder: Team meeting at 3 PM
U115,2025-07-20 21:56:00,Downloading confidential docs before leaving
U110,2025-07-21 21:56:00,Downloading confidential docs before leaving
U107,2025-07-25 13:00:00,"I'm quitting soon, need client details"
U125,2025-07-22 17:53:00,Please send me the payroll data ASAP
U109,2025-07-22 19:32:00,"I'm quitting soon, need client details"
U105,2025-07-20 11:20:00,Good work on the last project!
U110,2025-07-25 14:16:00,"I'm quitting soon, need client details"
U115,2025-07-24 22:14:00,Downloading confidential docs before leaving
U120,2025-07-22 21:59:00,Sending client list outside for personal work
U120,2025-07-25 10:55:00,Downloading confidential docs before leaving
U122,2025-07-25 13:51:00,Downloading confidential docs before leaving
U101,2025-07-21 19:46:00,Downloading confidential docs before leaving
U125,2025-07-22 12:20:00,Please send me the payroll data ASAP
U125,2025-07-21 08:27:00,"Need VPN credentials urgently, don't tell anyone"
U115,2025-07-22 10:22:00,Downloading confidential docs before leaving
U119,2025-07-21 15:07:00,"I'm quitting soon, need client details"
U128,2025-07-25 17:20:00,Can you give me the admin password?
U114,2025-07-23 16:41:00,"I'm quitting soon, need client details"
U119,2025-07-21 21:23:00,Downloading confidential docs before leaving
U129,2025-07-21 17:20:00,Can you give me the admin password?
U110,2025-07-22 21:32:00,Can you give me the admin password?
U125,2025-07-24 19:20:00,"Need VPN credentials urgently, don't tell anyone"
U120,2025-07-24 09:08:00,"I'm quitting soon, need client details"
U110,2025-07-23 12:13:00,"This security training is useless, ignoring it"
U110,2025-07-22 12:28:00,"I'm quitting soon, need client details"
U120,2025-07-22 20:11:00,Please send me the payroll data ASAP
U121,2025-07-24 21:52:00,Good work on the last project!
U105,2025-07-20 22:03:00,"I'm quitting soon, need client details"
